0,R,82,A
1,R,82,A
1,I,151,A
2,R,82,A
2,D,18,A
3,D,80,A
3,L,151,A
3,D,18,A
4,R,82,A
4,L,151,A
4,D,18,A
5,D,80,A
5,R,82,A
6,L,151,A
7,I,151,A
7,D,18,A
8,D,80,A
8,R,82,A
8,I,151,A
9,D,80,A
9,R,82,A
9,L,151,A
10,I,151,A
11,D,80,A
12,L,151,A
12,D,18,A
13,R,82,A
13,L,151,A
14,D,80,A
14,R,82,A
14,I,151,A
14,D,18,A
15,D,18,A
16,D,80,A
16,R,82,A
16,D,18,A
17,D,80,A
17,L,151,A
18,D,80,A
18,I,151,A
19,D,80,A
19,D,18,A
20,R,82,A
20,I,151,A
20,D,18,A
21,D,80,A
21,R,82,A
21,L,151,A
21,D,18,A
22,D,80,A
22,I,151,A
22,D,18,A
23,A,120,A
24,P,45,A
25,N,21,A
26,W,85,A
27,A,182,A
28,W,85,A
28,A,182,A
29,C,84,A
30,C,182,A
31,C,84,A
32,C,182,A
33,N,83,A
34,A,83,A
34,A,115,A
35,G,83,A
36,G,81,A
36,G,182,A
37,F,69,A
38,W,81,A
38,W,84,A
